"conversation_id_str","created_at","favorite_count","full_text","id_str","image_url","in_reply_to_screen_name","lang","location","quote_count","reply_count","retweet_count","tweet_url","user_id_str","username"
"1887272430219251877","Wed Feb 05 22:49:45 +0000 2025","0","Yailah @CurhatKRL ini krl jaraknye lumayan jauh yg masuk cuman sf08 @CommuterLine @PTKAI https://t.co/0I5ne5JRNB","1887272430219251877","https://pbs.twimg.com/media/GjDwQbSbgAAFQHH.jpg","","in","Bogor, Jawa Barat","0","1","0","https://x.com/UltrasLineBogor/status/1887272430219251877","1592480125651587072","UltrasLineBogor"
"1886755390421164450","Tue Feb 04 12:35:13 +0000 2025","1","Manajer Humas PT KAI Daop 4 Semarang Franoto Wibowo di Semarang Selasa mengatakan satu dari dua jalur rel perlintasan tersebut telah selesai diperbaiki pada Selasa petang. #jalurkeretagrobogan #ptkai #semarang https://t.co/E667svtVBV","1886755390421164450","","","in","NKRI","0","0","0","https://x.com/antaranews/status/1886755390421164450","18071520","antaranews"
"1886491990021521759","Tue Feb 04 11:46:11 +0000 2025","0","@likromiahooy keren sama ptkai dah","1886743047368794602","","likromiahooy","in","","0","0","0","https://x.com/bramonowijaya/status/1886743047368794602","1740647019927224320","bramonowijaya"
"1886733835406336194","Tue Feb 04 11:09:34 +0000 2025","0","@CurhatKRL Sisi kanan kiri lagi tunggu krl Di st tebet ini bkn soal gapeka 2025 tapi krl yg dipake cuman sf08!! @CommuterLine @PTKAI https://t.co/PNSOdrUp96","1886733835406336194","https://pbs.twimg.com/media/Gi8GaJJa4AMHC_s.jpg","CurhatKRL","in","Bogor, Jawa Barat","0","0","0","https://x.com/UltrasLineBogor/status/1886733835406336194","1592480125651587072","UltrasLineBogor"
"1886715007511224634","Tue Feb 04 09:54:45 +0000 2025","0","ΡΤ ΚΑΙ Commuter bakal segera mengoperasikan 12 rangkaian KRL baru yang baru saja datang dari China setelah melewati serangkaian uji coba oleh Kemenhub https://t.co/K1JFslFrhs #PTKAI #Kemenhub #Bahlil","1886715007511224634","","","in","","0","0","0","https://x.com/ArgumenID_/status/1886715007511224634","1219126943624261633","ArgumenID_"
"1886264883035136215","Mon Feb 03 04:06:07 +0000 2025","2","KERETA API (KA) rute Semarang-Surabaya masih menerapkan pola perjalanan memutar. PT KAI menyebut ada 30 perjalanan KA Semarang-Surabaya harus memutar hingga 5 Februari. #keretaapi #ptkai #Semarang #Surabaya #grobogan https://t.co/R1QZjkxGOz","1886264883035136215","","","in","","0","0","0","https://x.com/NusantaraB16913/status/1886264883035136215","1885187110040461312","NusantaraB16913"
"1886197460055515597","Sun Feb 02 23:38:12 +0000 2025","1","Hari Senin jadwal gapeka 2025 bbrp jadwal krl bogor ilang bikin jarak krl jauh krl yg masuk cuman sf08 lagih yg masuk akal lah kalo buat jadwal @CommuterLine @PTKAI @CurhatKRL","1886197460055515597","","","in","Bogor, Jawa Barat","0","1","0","https://x.com/UltrasLineBogor/status/1886197460055515597","1592480125651587072","UltrasLineBogor"
"1885975957091344562","Sun Feb 02 08:58:02 +0000 2025","1","#konteksinfo - Daftar Kereta Api Pengangkut Penumpang Terbanyak di 2024. (Zd) #ka #kai #ptkai #keretaapi #keretaapiindonesia #keretaapiindonesiapersero #ptkeretaapiindonesia #ptkeretaapiindonesiapersero #kajoglosemarkerto #kamatarmaja #kakertajaya #kajayakarta #stasiunmalang https://t.co/bdbA7Xau6N","1885975957091344562","https://pbs.twimg.com/media/GixVIfVbgAA1XKI.jpg","","in","DKI Jakarta","0","0","1","https://x.com/kontekscoid/status/1885975957091344562","1565270466238902274","kontekscoid"
"1885955581594505668","Sun Feb 02 07:37:04 +0000 2025","1","Solo menggebrak lagi !!! Unit baru kereta api jurusan solo - wonogiri semoga sukses dan semakin menambah manfaat di dunia transportasi soloraya #ptkai #keretaapi #citytrain #railfans #keretasolowonogiri #stasiunpurwosari #cfdsolo https://t.co/SBPiV1asZJ","1885955581594505668","https://pbs.twimg.com/amplify_video_thumb/1885955124637687808/img/J5SlEiyqNQOlxayO.jpg","","in","Indonesia","0","0","0","https://x.com/maxdwi87/status/1885955581594505668","490998579","maxdwi87"
"1885704661950460319","Sat Feb 01 15:00:00 +0000 2025","1","Siap-siap! KAI resmi menghadirkan 5 kereta api baru gais. Yuk kepoin daftar kereta api barunya! #Kereta #PTKAI #MedcomId #MudaMemberiArti https://t.co/K0fMhMIcSq","1885704661950460319","","","in","Jakarta Capital Region, Indone","0","0","0","https://x.com/medcom_id/status/1885704661950460319","902837643024539651","medcom_id"
"1885631986955624712","Sat Feb 01 13:41:56 +0000 2025","0","@infokespro @PTKAI @YLKI Selamat malam Kak. Pemesanan tiket KA Commuter Line Merak tidak terdapat fitur pilih kursi ya. Apabila saat pemesanan tiket KA tersebut dengan keterangan tanpa nomor kursi penumpang dapat menempati bangku yang kosong (selama masih tersedia). Jika ada pelanggan yang duduknya","1885685013230026758","","infokespro","in","Jakarta Pusat","0","0","0","https://x.com/CommuterLine/status/1885685013230026758","341987176","CommuterLine"
"1885631986955624712","Sat Feb 01 10:11:13 +0000 2025","0","Commuterline Merak sejak 1/2/2025 tdk pakai nmr tempat duduk celakanya ada yg memanfaatkan misalnya baringkan anak sehingga tdk bisa buat pemumpamg lain ....@PTKAI @CommuterLine @ylki","1885631986955624712","","","in","DKI Jakarta, Indonesia","0","1","0","https://x.com/infokespro/status/1885631986955624712","98528364","infokespro"
"1885555820563505246","Sat Feb 01 05:08:34 +0000 2025","0","Kereta api Sancaka Utara resmi beroperasi layani rute Surabaya - Cilacap ANTARA FOTO/Didik Suhartono #keretaapi #ptkai #surabayacilacap Lihat selengkapnya: https://t.co/qkPHildm1Z https://t.co/F9Zt3Vfwlm","1885555820563505246","https://pbs.twimg.com/media/GirXBmvbYAMECgW.jpg","","in","NKRI","0","0","1","https://x.com/antaranews/status/1885555820563505246","18071520","antaranews"
"1885366973217071464","Fri Jan 31 16:38:09 +0000 2025","1","PT KAI Daop 6 Yogyakarta mulai besok (Kamis 1/2/2025) memberlakukan Gapeka (Grafik Perjalanan Kereta Api) yang baru. #Gapeka #KeretaKAI #PTKAI #Daop6 #Yogyakarta https://t.co/6eDIHx8BMm","1885366973217071464","","","in","","0","0","0","https://x.com/NusantaraB16913/status/1885366973217071464","1885187110040461312","NusantaraB16913"
"1885307656522654165","Fri Jan 31 12:42:49 +0000 2025","0","Mention cokoncomu seng biasa numpak sepur Cah! #foto ko hene @marmer.official_85 @abdulrosyid_m #KacamataTulungagung #Tulungagung #KeretaApi #KeretaApiIndonesia #KAI #PTKAI #Railfan #Railfans https://t.co/i4SaaOoStH","1885307749338317259","https://pbs.twimg.com/media/Gin1ZsAbIAEVCAI.jpg","kacamata_ta","in","Tulungagung, Indonesia","0","0","0","https://x.com/kacamata_ta/status/1885307749338317259","1009332834681516034","kacamata_ta"
"1884622404145799657","Wed Jan 29 15:19:30 +0000 2025","0","@PSHT_Indonesia ptkai @TheRealYossie https://t.co/yjhkDQwPYz","1884622404145799657","https://pbs.twimg.com/media/GieGFLRbYAAmPfr.jpg","PSHT_Indonesia","in","Jakarta Barat, DKI Jakarta","0","0","0","https://x.com/wkelingB/status/1884622404145799657","1659252316544061441","wkelingB"
"1884468683830931847","Wed Jan 29 05:08:40 +0000 2025","0","https://t.co/1ZSYK03yXC ptkai","1884468683830931847","","","in","Jakarta Barat, DKI Jakarta","0","0","0","https://x.com/wkelingB/status/1884468683830931847","1659252316544061441","wkelingB"
"1884164674595541338","Tue Jan 28 09:00:39 +0000 2025","0","KAI Sampaikan Permohonan Maaf Keterlambatan Dampak Banjir di Daop 4 Semarang #beritanasional #selasa #PTKAI #KAI #permohonanmaaf #banjir #daop4semarang #semarang https://t.co/vip1mhAW8Q","1884164674595541338","https://pbs.twimg.com/ext_tw_video_thumb/1884164412770320384/pu/img/b2O9ezEsOTQYY1Y4.jpg","","in","","0","0","0","https://x.com/NasionalBerita_/status/1884164674595541338","1769451991124832257","NasionalBerita_"
"1884145637295276149","Tue Jan 28 07:45:00 +0000 2025","0","Poin-poin Penting PT KAI soal Kerusakan Rel setelah Banjir di Grobogan #beritanasional #selasa #PTKAI #rel #grobogan #keretaapi #banjir #sungaituntang #kerusakanrel #KAI https://t.co/fD64PftQf4","1884145637295276149","","","in","","0","0","0","https://x.com/NasionalBerita_/status/1884145637295276149","1769451991124832257","NasionalBerita_"
"1884073916815269938","Tue Jan 28 03:00:00 +0000 2025","1","Di balik citra positif Pak Jonan yang tak lekang oleh waktu #jonan #ignasiusjonan #dedimulyadi #ptkai #menhub #prabowo #sulistyowimbohardjito #infografis #politikindonesia #beritapolitik #beritapolitikterkini https://t.co/tYFYmA2k8s","1884073916815269938","https://pbs.twimg.com/media/GiWRktjaYAIrrhU.jpg","","in","Jakarta, Indonesia","0","1","0","https://x.com/pinterpolitik/status/1884073916815269938","798770586784702464","pinterpolitik"
"1883886828832596084","Mon Jan 27 14:36:35 +0000 2025","1","#konteksnews - Setelah melalui proses panjang gugatan Keraton Yogyakarta terhadap PT KAI terkait lahan Stasiun Tugu Tesmi akhirnya mencapai titik damai. #DamaiUntukYogyakarta #KeratonYogyakarta #PTKAI #KeratonYogyakarta #PTKAI #TuguTesmi #LahanStasiunTugu #Damai #Kolaborasi https://t.co/V2HQnoPuiy","1883886828832596084","https://pbs.twimg.com/ext_tw_video_thumb/1883886408479453184/pu/img/zPRwJ-FxUqHvI9F4.jpg","","in","DKI Jakarta","1","0","1","https://x.com/kontekscoid/status/1883886828832596084","1565270466238902274","kontekscoid"
"1883532059832197421","Sun Jan 26 15:06:52 +0000 2025","0","Digas no ke jalur selatan @jalur5_ #gubugkarangjati #jalurutara #ptkai https://t.co/nn46BNzvWS","1883532059832197421","","","in","ÜT: -6.9177,107.66041","0","0","0","https://x.com/gencarezekina/status/1883532059832197421","97397117","gencarezekina"
"421453633029279745","Sat Jan 25 01:51:45 +0000 2025","0","@KAI121 @PTKAI Salut PT KAI sekarang jauh lebih nyaman dibanding 10 thn lalu tidak manusiawi. Tapi serem amat tiap 5 menit diumumkan hati2 pelecehan seksual. Seolah isinya bajingan semua dan securitynya tulalit semua ga bisa kasih rasa nyaman dikit itu toa","1882969576864157784","","KAI121","in","","0","0","0","https://x.com/AubreyUsro7816/status/1882969576864157784","1871645173316456448","AubreyUsro7816"
"1882613395532468287","Fri Jan 24 02:16:25 +0000 2025","0","Mengucapkan Selamat Ulang tahun ke 1 KA Papandayan 24 Januari 2024 - 24 Januari 2025 #ptkai #dirgahayu","1882613395532468287","","","in","","0","0","0","https://x.com/jurnalgiat1978/status/1882613395532468287","1840217703866609664","jurnalgiat1978"
"1882433885998661750","Thu Jan 23 14:23:07 +0000 2025","0","Simak 7 Langkah PT KAI dalam Memperbaiki Jalur Pascabanjir di Grobogan @KAI121 @erickthohir @KemenBUMN https://t.co/D9bWtkXmKX #grobogan #kabargrobogan #ptkai #kabarterdepan","1882433885998661750","","","in","Mojokerto, Jawa Timur","0","0","1","https://x.com/kabarterdepanID/status/1882433885998661750","283305745","kabarterdepanID"
"1882337755390439693","Thu Jan 23 08:02:23 +0000 2025","0","[5-end] panjang selalu terjadi kenaikan jumlah penumpang kereta api karena tingginya antusias dari masyarakat. [april] #PatriaNews #InfoPatria #RadioPatria #Blitar #PTKAI #KAI #Daop7Madiun #StasiunBlitar #StasiunJombang #KeretaApi #TiketKA #KAIAccess #LiburIsraMiraj #LiburImlek","1882338071871672402","","radiopatria","in","Blitar - East Java - Indonesia","0","0","0","https://x.com/radiopatria/status/1882338071871672402","100132119","radiopatria"
"1882307274082820505","Thu Jan 23 06:00:00 +0000 2025","0","Nggak mau bye-bye PT KAI bakal menghentikan layanan Kereta Api (KA) legendaris Argo Parahyangan. Sebagai gantinya KAI menyiapkan KA Parahyangan yang lebih terjangkau. #argoparahyangan #KAI #PTKAI #keretaapi #bandung #jakarta #detikfinance https://t.co/8lXffCHOW7","1882307274082820505","https://pbs.twimg.com/ext_tw_video_thumb/1882125957567488000/pu/img/JquoWYxidW844er_.jpg","","in","Jakarta, Indonesia","0","0","0","https://x.com/detikfinance/status/1882307274082820505","135795460","detikfinance"
"1882302764208083325","Thu Jan 23 05:42:05 +0000 2025","0","stasiun KA Malang sdh bagus. cuma sayang pengumuman dari pengeras suara tidak jelas...sayang sekali speakernya spt ini tolong di perbaiki kualitas suaranya @PTKAI @infomalang @cityguide911fm @yusufgunawan https://t.co/jAH44nRlnM","1882302764208083325","https://pbs.twimg.com/media/Gh9IYjZa0AAgSzB.jpg","","in","Indonesia","0","2","1","https://x.com/andrewbudi/status/1882302764208083325","49261996","andrewbudi"
"1881874619898179931","Wed Jan 22 01:21:38 +0000 2025","0","[5] Daop 7 Madiun. Kondisi ini menyebabkan adanya tambahan frekuensi operasional KA di luar jadwal reguler. [april] #PatriaNews #InfoPatria #RadioPatria #Blitar #Semarang #Surabaya #PTKAI #KAI #Daop7Madiun #StasiunBlitar #StasiunGubug #StasiunKarangjati #KeretaApi #PerjalananKA","1881874833451168240","","radiopatria","in","Blitar - East Java - Indonesia","0","1","0","https://x.com/radiopatria/status/1881874833451168240","100132119","radiopatria"
"1881672769081114975","Tue Jan 21 14:01:50 +0000 2025","0","@YourAnonVD @PTKAI @PTKAIIndonesia Ciuuus...","1881703757513420880","","YourAnonVD","in","","0","0","0","https://x.com/GarudaHitam75/status/1881703757513420880","1857557136559190020","GarudaHitam75"
"1881672769081114975","Tue Jan 21 11:58:42 +0000 2025","1","Buat @mentriperhubungan @PTKAI @PTKAIIndonesia","1881672769081114975","","","in","","0","1","0","https://x.com/GarudaHitam75/status/1881672769081114975","1857557136559190020","GarudaHitam75"
"1881555185631457298","Tue Jan 21 04:11:28 +0000 2025","0","Intensitas Perjalanan KA Semarang-Jakarta Bertambah. #keretaapi #PTKAI #KAI #ptkeretaapiindonesia #semarang #Jakarta https://t.co/txP6pH0b4e https://t.co/fXk4Q4Hm5b","1881555185631457298","https://pbs.twimg.com/media/GhygQzcbMAAn-Uf.jpg","","in","","0","0","0","https://x.com/bisnisjatengdiy/status/1881555185631457298","323030706","bisnisjatengdiy"
"1880498740920021308","Sat Jan 18 06:13:32 +0000 2025","1","Kasian semuanya.. Pdhl enak kalau bisa turun hirup udara segar sebentar @PTKAI. Coba ditinjau ulang kebijakannya","1880498740920021308","","","in","","0","0","0","https://x.com/ratu12noer/status/1880498740920021308","1265082256160256000","ratu12noer"
"1880414785399148596","Sat Jan 18 00:39:55 +0000 2025","0","Di angkot JakLingko bbrp penumpang Lansia sebut ada kartu khusus Lansia untuk Commuterline (KRL) kata mrk bisa diurus di Sta Sudirman .... Mohon info .... @PTKAI @CommuterLine @YLKI_ID","1880414785399148596","","","in","DKI Jakarta, Indonesia","0","1","0","https://x.com/infokespro/status/1880414785399148596","98528364","infokespro"
"1880238645166198854","Fri Jan 17 13:00:00 +0000 2025","0","Siap-siap long weekend! KAI sediakan kereta tambahan buat kamu yang mau liburan! Cek rute dan jadwalnya di sini! #PTKAI #KeretaApi #Informasi #MedcomId #MudaMemberiArti https://t.co/M9qFrw0hWV","1880238645166198854","","","in","Jakarta Capital Region, Indone","0","0","0","https://x.com/medcom_id/status/1880238645166198854","902837643024539651","medcom_id"
"1879343241486876751","Wed Jan 15 12:50:11 +0000 2025","0","@beloveddara @MrOngDedy @PTKAI @KAI121 Jangan mention. Pelayanan negara miskin emang jelek tapi sok suruh lapor ke kai ","1879511397580894635","","beloveddara","in","Australia","0","0","0","https://x.com/bananana01010/status/1879511397580894635","1689620093079375873","bananana01010"
"1879343241486876751","Wed Jan 15 12:13:55 +0000 2025","0","@MrOngDedy @PTKAI Geli bgt liat kelakuannya keliatan kalo org pcrn. Anjir mau gw semprot aja mereka. Besok lgi di cek lah penumpangnya sesuai seat ga jgn wira wiri doang konduktur @KAI121","1879502269017944270","","beloveddara","in","Tangerang, Indonesia","0","2","0","https://x.com/beloveddara/status/1879502269017944270","1379238348","beloveddara"
"1879343241486876751","Wed Jan 15 12:12:37 +0000 2025","0","@MrOngDedy Ga sopan bgt nunjuk aja congornya ga mangap ngomong sama sekali. Laki gw krna ga enakan maybe dia iya² aja pdhl gw udh mangap mau protes. Kata dia 'udh biarin'. Pdhl nyari seat yg sederet gitu susah pikirnya biar anak kita wara wiri nya enak. Penumpang lo tolong @PTKAI","1879501944265548205","","beloveddara","in","Tangerang, Indonesia","0","1","0","https://x.com/beloveddara/status/1879501944265548205","1379238348","beloveddara"
"1879090688903839901","Tue Jan 14 13:25:51 +0000 2025","0","@KAI121 Kl ke jogya kursinya ekonomi seperti itu atau bukan ya trus kl pesan tiket tuk rombangan d customer service atau ptkai access ya.","1879157987316748425","","KAI121","in","jakarta","0","1","0","https://x.com/imofitriyanto/status/1879157987316748425","287681739","imofitriyanto"
"1879083609610723623","Tue Jan 14 08:30:18 +0000 2025","0","Perancang dan pembuat gerbongnya bodoh insinyur lulusan mana itu? Bodoh semua seperti belum pernah bikin gerbong. @PTKAI @InkaProduction Kemenhub akan Evaluasi PT KAI dan PT INKA soal Kereta Api yang Hampir Tak Muat Masuk Terowongan https://t.co/cwj4XPCM6b","1879083609610723623","","","in","","0","0","0","https://x.com/jari_droid/status/1879083609610723623","1486631613932834819","jari_droid"
"1878685793356808635","Mon Jan 13 06:09:32 +0000 2025","42","Ga bahaya niehh? @KPK_RI @KejaksaanRI #rudiasatturidhaout #dirutkai #ptkai #tolakrudiasaturridha https://t.co/EnVLjS7gyR","1878685793356808635","https://pbs.twimg.com/ext_tw_video_thumb/1878685725895581696/pu/img/zw_B228H-GC0hj2i.jpg","","tl","","0","0","39","https://x.com/jaspyaveec/status/1878685793356808635","1803344463399444480","jaspyaveec"
"1878383518570684766","Sun Jan 12 10:08:24 +0000 2025","1","akun cenblu cepu ke ptkai","1878383518570684766","","","in","paradise","0","0","0","https://x.com/wcahyadi_/status/1878383518570684766","43559788","wcahyadi_"
"1877597499390586897","Sat Jan 11 04:15:50 +0000 2025","0","@JangDikeee @MurtadhaOne1 @PTKAI @KAI121 @KemenBUMN @erickthohir @pt_inka @prabowo @JangDikeee siapa yg mengelola Terowongan dari 1902 itu di seperempat Abad 21?","1877932405778010462","","JangDikeee","in","","0","0","0","https://x.com/KarundengUsi/status/1877932405778010462","1331653431723913217","KarundengUsi"
"1877597499390586897","Fri Jan 10 11:09:01 +0000 2025","0","@MurtadhaOne1 @PTKAI @KAI121 @KemenBUMN @erickthohir koq bisa @PTKAI @KAI121 itu siapa yg bwt TEROWONGAN Kereta Api yg gak muat gerbong produk @pt_inka Emang gak janjian gituh? Presiden @prabowo tolong serius PERHATIKAN BUMN-BUMN Indonesia Pak Kapan ada BUMN yg seriously World Class? https://t.co/ZdU7ZMGwz6","1877673998487605490","https://pbs.twimg.com/media/Gg7WjPcacAAYJsW.jpg","MurtadhaOne1","in","","0","1","0","https://x.com/KarundengUsi/status/1877673998487605490","1331653431723913217","KarundengUsi"
"1877541640208003204","Fri Jan 10 02:23:04 +0000 2025","0","Yang terhormat @PTKAI mohon agar pengerjaan rel kereta tidak pada jam aktivitas mastarakat ini sangat mengganggu. Lokasi perlintasan kereta desa jengkok kertasemaya indramayu https://t.co/WeupW07OU6","1877541640208003204","https://pbs.twimg.com/ext_tw_video_thumb/1877541363388133382/pu/img/ni4izfdzIwq-zGNj.jpg","","in","indramayu","0","0","0","https://x.com/SaepullahEep/status/1877541640208003204","977281441","SaepullahEep"
"1876040808719380644","Mon Jan 06 10:43:39 +0000 2025","0","@jancooeek kalo pak jonan ga ngerombak @PTKAI pasti jadi gini wkwkwkw","1876218065828131304","","jancooeek","in","","0","0","0","https://x.com/kidsakhirzaman/status/1876218065828131304","1065893262","kidsakhirzaman"
"1875486687226380359","Sat Jan 04 10:46:32 +0000 2025","1","@nanto0000 #Bandung #ciwidey #PTKAI hayu min gaskan","1875494014293819610","","nanto0000","in","","0","0","0","https://x.com/Hmzmanuelle/status/1875494014293819610","1494124285874499584","Hmzmanuelle"
"1875486687226380359","Sat Jan 04 10:17:25 +0000 2025","1","#djka #dishub #ptkai Tolong reaktivasi jalur ka Bandung-Ciwidey secepatnya https://t.co/7BbRysVBvr","1875486687226380359","","","in","","0","1","0","https://x.com/nanto0000/status/1875486687226380359","1639826345592242176","nanto0000"
"1875465489541161461","Sat Jan 04 08:53:21 +0000 2025","0"," Apakah kamu pengguna setia kereta api? Bagikan pengalaman kamu di kolom komentar! #PTKAI #KeretaApiIndonesia #TransportasiIndonesia #KeretaCepat #InovasiTransportasi @KAI121 @keretaapikita","1875465529756151828","","DaswanSultoni","in","","0","0","0","https://x.com/DaswanSultoni/status/1875465529756151828","1221480551237898240","DaswanSultoni"
"1875316212554777057","Fri Jan 03 23:00:01 +0000 2025","0","Wow! KAI Group sukses layani 20 9 juta penumpang selama periode Nataru 2024/2025. Ada yang ikutan mudik pake kereta juga? #PTKAI #KeretaApi #MedcomId #MudaMemberiArti https://t.co/vqezuUwYrp","1875316212554777057","","","in","Jakarta Capital Region, Indone","0","0","0","https://x.com/medcom_id/status/1875316212554777057","902837643024539651","medcom_id"
"1875176784947503605","Fri Jan 03 13:45:59 +0000 2025","0","Diintegrasikan ke Stasiun BNI City KAI: Bukan Berarti Stasiun Karet Dibongkar https://t.co/tkSfLkSp3t #stasiunkaret #krl #ptkai #keretaapi #stasiunkrl https://t.co/5Wwdg4GMQ3","1875176784947503605","https://pbs.twimg.com/media/GgX3V-EbEAAIyan.png","","in","","0","0","0","https://x.com/sinpotv/status/1875176784947503605","1012174601055449088","sinpotv"
"1874355450449453284","Wed Jan 01 07:22:17 +0000 2025","0","PT KAI: Tiket Kereta Api Februari 2025 Sudah Bisa Dipesan Mulai Hari Ini https://t.co/kCknfdYOnG #TiketKeretaApi2025 #TiketKerefaApi #PTKAI #AccessbyKAI","1874355450449453284","","","in","","0","0","0","https://x.com/In_drael/status/1874355450449453284","1095244482205802496","In_drael"
"1873903721060721131","Tue Dec 31 01:28:31 +0000 2024","0","[7] Daop 7 Madiun telah melayani 272.231 pelanggan KA yang naik &amp; turun. [april] #PatriaNews #InfoPatria #RadioPatria #InfoKA #PTKAI #KAI #KeretaApi #Daop7Madiun #StasiunBlitar #StasiunMadiun #StasiunKertosono #StasiunKediri #StasiunJombang #StasiunTulungagung","1873904034232623126","","radiopatria","in","Blitar - East Java - Indonesia","0","1","0","https://x.com/radiopatria/status/1873904034232623126","100132119","radiopatria"
"1873665065439900100","Mon Dec 30 09:38:57 +0000 2024","50","Perjalanan tetap aman kenaikan PPN 1% tidak pengaruhi harga tiket kereta api. #PPN #KenaikanPPN #KeretaApi #PTKAI #KAI https://t.co/x6vU7P4B76","1873665065439900100","https://pbs.twimg.com/media/GgCYcKkawAAm0XM.jpg","","in","","0","2","9","https://x.com/1toedjoean/status/1873665065439900100","1218801815841468422","1toedjoean"
"1873664806273855784","Mon Dec 30 09:37:55 +0000 2024","52","Perjalanan tetap aman kenaikan PPN 1% tidak pengaruhi harga tiket kereta api. #PPN #KenaikanPPN #KeretaApi #PTKAI #KAI https://t.co/B8tiZTHsxs","1873664806273855784","https://pbs.twimg.com/media/GgCYMhPbAAAs6jv.jpg","","in","","0","2","9","https://x.com/1toedjoean/status/1873664806273855784","1218801815841468422","1toedjoean"
"1873664781103804648","Mon Dec 30 09:37:49 +0000 2024","108","Perjalanan tetap aman kenaikan PPN 1% tidak pengaruhi harga tiket kereta api. #PPN #KenaikanPPN #KeretaApi #PTKAI #KAI https://t.co/4DWxgDaQNH","1873664781103804648","https://pbs.twimg.com/ext_tw_video_thumb/1873664608252420096/pu/img/dB8XOeU98yXmwUiq.jpg","","in","","0","12","15","https://x.com/1toedjoean/status/1873664781103804648","1218801815841468422","1toedjoean"
"421453633029279745","Thu Dec 26 10:16:16 +0000 2024","0","@Enduro47428434 @KAI121 @PTKAI Toiletnya juga di jurangmangu lucu. Buat buang air kecil cowok tinggi2 banget. Harus jinjit wkwkwkwk","1872224904457920979","","Enduro47428434","in","","0","0","0","https://x.com/AubreyUsro7816/status/1872224904457920979","1871645173316456448","AubreyUsro7816"
"421453633029279745","Thu Dec 26 10:14:56 +0000 2024","0","@KAI121 @PTKAI Stasiun juanda jkt aneh bgt. Jalan dari istiqlal udah naik tangga harus turun lagi karena gatenya difungsikan cuma buat keluar. Abis turun tangga naik lagi. Buang2 waktu dan tenaga. Eskalatornya cuma turun. Kalau naik pake tangga. Hadeh. Nyiksa penataannya","1872224569744081358","","KAI121","in","","0","0","0","https://x.com/AubreyUsro7816/status/1872224569744081358","1871645173316456448","AubreyUsro7816"
"1870439080561152202","Sat Dec 21 12:00:02 +0000 2024","0","Jelang Libur Natal PT KAI: 38.160 Tiket Kereta Terjual Hari Ini https://t.co/fRaQuFM4xg #PTKAI #Daop1Jakarta #TiketKeretaApi #KeretaApiJarakJauh #LiburNataldanTahunBaru","1870439080561152202","","","in","Jakarta","0","0","0","https://x.com/syamspuna/status/1870439080561152202","1272736187904450560","syamspuna"
"1870139308549845263","Fri Dec 20 16:08:51 +0000 2024","0","Keterisian Tiket KA Capai 94 Persen Penumpang Padati Stasiun Pasar Senen di Puncak Mudik Libur Nataru https://t.co/YfVKtezuyI #PuncakMudikLiburNataru #PenumpangKeretaApi #PTKAI #IxfanHendriwintoko","1870139308549845263","","","in","","0","0","0","https://x.com/In_drael/status/1870139308549845263","1095244482205802496","In_drael"
"1870132079708737915","Fri Dec 20 15:40:07 +0000 2024","0","ternyata ptkai itu bukan pt kereta artificial intelligence","1870132079708737915","","","in","+62341","0","0","0","https://x.com/masyoza/status/1870132079708737915","42323138","masyoza"
"1870061593746178236","Fri Dec 20 11:00:02 +0000 2024","0","#Foto PT KAI bersiap menghadapi libur Nataru. Mereka akan mengoperasikan 52 KA tambahan untuk perjalanan jarak menengah dan jauh. &gt;&gt; https://t.co/jVicqcgt6C Foto: ANTARA FOTO/Muhammad Adimaja #detikfinance #PTKAI #Nataru #KeretaApi https://t.co/6YoTB8vWGP","1870061593746178236","https://pbs.twimg.com/media/GfN4M0AWEAA6h9W.jpg","","in","Jakarta, Indonesia","0","0","0","https://x.com/detikfinance/status/1870061593746178236","135795460","detikfinance"
"1869186107017187398","Wed Dec 18 01:01:10 +0000 2024","0","Alhamdulillah Akhirnya perlintasan KA dijalan Baureno - Bojonegoro diaspal. Jalannya jdi lancar. Terima kasih @PTKAI","1869186107017187398","","","in","Digenggaman Allah SWT","0","0","0","https://x.com/akhmad_khumedi/status/1869186107017187398","1518699370358935552","akhmad_khumedi"
"1869161009010909307","Tue Dec 17 23:21:26 +0000 2024","1","Naik KRL jadi cepat Naik KRL jadi Lama Nunggu KRL arah Bogor dari jam 05.15 sampai jam 06.28 di jam kerja ‍ #PTKAI #KAI #KRL #KAI212 #KRLBIKINTELAT #KRLLAMA #Commuterline","1869161009010909307","","","in","","0","0","0","https://x.com/AriefRifadah/status/1869161009010909307","1600502879487676416","AriefRifadah"
"1868966020280729854","Tue Dec 17 10:26:37 +0000 2024","0","Sudah seminggu lebih kondisi jalan di pintu perlintasan KA Baureno Bojonegoro macet imbas perbaikan dan belum diaspal ulang. Bahkan sudah memakan korban jiwa. Sampai kapan ini @ptkai ? https://t.co/My39NXC9ZQ","1868966020280729854","https://pbs.twimg.com/media/Ge_mqxibwAQEb3K.jpg","","in","Digenggaman Allah SWT","0","0","0","https://x.com/akhmad_khumedi/status/1868966020280729854","1518699370358935552","akhmad_khumedi"
"1868957666632253944","Tue Dec 17 09:53:25 +0000 2024","0","Apa sih urgensi layanan direct servis Jkt - Semarang n Jakarta - Yogya. Kalo mau buat program 100 hr ya yg cerdas gitu lho. Memang disangkanya tdk ada dampak thdp keselamatan di perlintasan sebidang n dampak bisnisnya ya? CC : @kemenhub151 @PTKAI","1868957666632253944","","","in","Jakarta","0","0","0","https://x.com/Darmaningtyas/status/1868957666632253944","368674205","Darmaningtyas"
"1868950533031268380","Tue Dec 17 09:25:05 +0000 2024","0","KAI Daop 1 Jakarta Lakukan Upaya Peningkatan Jalur Kereta Api Imbas Banjir Rob Jakarta https://t.co/ca4hvEGa6c #BanjirRob #MuaraAngke #Ancol #PTKAI #JalurKeretaApi #KRL","1868950533031268380","","","in","","0","0","0","https://x.com/In_drael/status/1868950533031268380","1095244482205802496","In_drael"
"1868864949063193053","Tue Dec 17 03:45:00 +0000 2024","0","Tiket Kereta Sudah Terjual 1 1 Juta Jelang Liburan Nataru 5 KA Ini Diburu Pelanggan #beritanasional #selasa #tiketkeretaapi #keretaapi #KAI #BUMN #PTKAI #nataru2024 #liburannataru https://t.co/T8TQWtgrCd","1868864949063193053","","","in","","0","0","0","https://x.com/NasionalBerita_/status/1868864949063193053","1769451991124832257","NasionalBerita_"
"1868299037662908453","Sun Dec 15 14:16:16 +0000 2024","0","Macet sebelum pintu timur stasiun Tugu Yogyakarta kirain proyek beautifikasi stasiun salah satu goalnya pas peak ga macet masuk stasiun. Ternyata malam ini macet hujan pula @PTKAI @KAI121 beautifikasi atau macetisasi ?","1868299037662908453","","","in","","0","0","0","https://x.com/JKen30136345/status/1868299037662908453","902455402415001601","JKen30136345"
"1868162243952824577","Sun Dec 15 05:12:42 +0000 2024","0","PT KAI Sediakan Layanan Direct Train di Momentum Libur Nataru Berapa Tarifnya? https://t.co/8uSdurh9hy #DirectTrain #PTKAI #LiburNataru #TarifDirectTrain","1868162243952824577","","","in","","0","0","0","https://x.com/In_drael/status/1868162243952824577","1095244482205802496","In_drael"
"1867818779335700862","Sat Dec 14 06:27:54 +0000 2024","0","masa beli tiket di ptkai gak ada via bca","1867818779335700862","","","in","","0","1","0","https://x.com/mdln__ahn/status/1867818779335700862","1360577205793816576","mdln__ahn"
"1867731756247658512","Sat Dec 14 00:42:06 +0000 2024","0","Ide layanan KA langsung dr Jkt - Semarang n Jkt - Yogya tdk berhenti di stasiun2 jelas ide konyol dr orang yg tdk tau KA tapi punya kuasa. Siapa yg akan melayani mrk yg akan naik dari Cirebon Tegal Pekalongan Bumiayu Purwokerto Kebumen dll? CC: @kemenhub151 dan @PTKAI","1867731756247658512","","","in","Jakarta","0","0","0","https://x.com/Darmaningtyas/status/1867731756247658512","368674205","Darmaningtyas"
"1867480755716468968","Fri Dec 13 08:04:42 +0000 2024","0","KAI Antisipasi Cuaca Ekstrem saat Nataru dengan Perkuat Bantalan Rel @KAI121 https://t.co/FTqmGET7KB #ptkai #cuacaekstrem #nataru #liburnataru #natal #tahunbaru","1867480755716468968","","","in","","0","0","0","https://x.com/sinpotv/status/1867480755716468968","1012174601055449088","sinpotv"
"1867157447850545451","Thu Dec 12 10:40:00 +0000 2024","0","Pengen liburan akhir tahun naik kereta api? Yuk cek cara gampang pesan tiket lewat KAI Access tinggal klik tiket siap! #Tips #PTKAI #KeretaApi #MedcomId #MudaMemberiArti https://t.co/3SBoxssUBy","1867157447850545451","","","in","Jakarta Capital Region, Indone","0","0","0","https://x.com/medcom_id/status/1867157447850545451","902837643024539651","medcom_id"
"1866694404666450093","Wed Dec 11 04:00:02 +0000 2024","0","Mulai 16 Desember 2024 LRT Uji Coba Gerbong Kereta Khusus Wanita https://t.co/KOtvOXg5IR #LRTJabodebek #PelecehanSeksual #PTKAI #GerbongKeretaWanita","1866694404666450093","","","in","Jakarta","0","0","0","https://x.com/syamspuna/status/1866694404666450093","1272736187904450560","syamspuna"
"1866424200661238078","Tue Dec 10 10:06:20 +0000 2024","2","Jelang libur Natal dan tahun baru 2025 PT KAI telah menyiapkan 3 2 juta tiket. Namun PT Kereta Api Indonesia memastikan harga tiket kereta tidak mengalami penurunan seperti tiket pesawat yang mengalami penurunan sebesar 10% #PTKAI #KAI #KeretaApi #Liburan #Natal #TahunBaru2025 https://t.co/JooincmZKY","1866424200661238078","https://pbs.twimg.com/amplify_video_thumb/1866424033417510912/img/zw7GHRbWdlJxk8_8.jpg","","in","","0","0","0","https://x.com/Metro_TV/status/1866424200661238078","57261519","Metro_TV"
"1860926392470474872","Mon Nov 25 06:00:00 +0000 2024","0","Wah PT KAI nambahin waktu operasional LRT Jabodebek kabar baik nih buat yang biasa pulang malem! Gak ribet lagi deh #PTKAI #LRT #Jabodebek #MedcomId #MudaMemberiArti https://t.co/XCzt2TlpMp","1860926392470474872","","","in","Jakarta Capital Region, Indone","0","0","0","https://x.com/medcom_id/status/1860926392470474872","902837643024539651","medcom_id"
"1860548081764434195","Sun Nov 24 04:56:44 +0000 2024","0","Libur Natal Berikut Ini Harga Tiket Kereta Api Jurusan Jakarta-Surabaya #tiketkeretaapi #liburnatal #nataru #PTKAI Menjelang https://t.co/hx4RdKvrCQ via @tribunnews","1860548081764434195","","","in","","0","0","0","https://x.com/murtopotop/status/1860548081764434195","894940664","murtopotop"
"1859324825371807779","Thu Nov 21 10:21:21 +0000 2024","0","@astatika @SifayaNuri Kata nui kalo bulek udah sksd sama ptkai tandanya mau pulang","1859542610542723456","","astatika","in","Jakarta Capital Region","0","1","0","https://x.com/aldofaruq20/status/1859542610542723456","1462781093875044360","aldofaruq20"
"1859385909420097762","Thu Nov 21 00:58:02 +0000 2024","0","@CommuterLine @KAI121 @keretaapikita @ptkai_rblx @AgungPodomoro @tenjo_zen @pocytenjo Akses dari timur ke barat pintu gerbang terlalu jauh ya tks","1859400846284591469","","CommuterLine","in","Tenjo, Indonesia","0","0","0","https://x.com/MarthenLemuel/status/1859400846284591469","1002999210147368960","MarthenLemuel"
"1859385909420097762","Thu Nov 21 00:57:15 +0000 2024","0","@CommuterLine @KAI121 @keretaapikita @ptkai_rblx @AgungPodomoro @tenjo_zen @pocytenjo Selamat pagi @CommuterLine kalau itu bukan jalan masuk kenapa pintunya dibuka di arah timur? Akses dari timur puter terlalu jauh... Harusnya pihak @CommuterLine bisa beri solusi. Tks","1859400648116273317","","CommuterLine","in","Tenjo, Indonesia","0","0","0","https://x.com/MarthenLemuel/status/1859400648116273317","1002999210147368960","MarthenLemuel"
"1859385909420097762","Thu Nov 21 00:42:49 +0000 2024","0","@MarthenLemuel @KAI121 @keretaapikita @ptkai_rblx @AgungPodomoro @tenjo_zen @pocytenjo Selamat pagi Kak. Dapat kami informasikan kembali untuk jalan yang Kakak maksud tersebut bukan merupakan akses penumpang untuk keluar/masuk area stasiun untuk akses jalan masuk/keluar ke Stasiun Tenjo saat ini sudah disediakan jalan di gerbang utama sebelah barat. Tks.","1859397018084642987","","MarthenLemuel","in","Jakarta Pusat","0","2","0","https://x.com/CommuterLine/status/1859397018084642987","341987176","CommuterLine"
"1859385909420097762","Wed Nov 20 23:58:41 +0000 2024","0","@CommuterLine @KAI121 @keretaapikita @ptkai_rblx @AgungPodomoro @tenjo_zen @pocytenjo inilah jalan masuk arah timur menuju stasiun Tenjo: becek parah meresahkan pejalan kaki masuk kereta. Mohon perbaikan jalan masuk tks https://t.co/Og6ZO4BARC","1859385909420097762","https://pbs.twimg.com/ext_tw_video_thumb/1859385845444431872/pu/img/oLyPoQQ4A-tdQpX1.jpg","CommuterLine","in","Tenjo, Indonesia","0","1","1","https://x.com/MarthenLemuel/status/1859385909420097762","1002999210147368960","MarthenLemuel"
"1859169236054356169","Wed Nov 20 09:37:42 +0000 2024","1","PT Kereta Api Indonesia (Persero) bersama Bank BNI meresmikan penamaan baru atau Naming Rights Stasiun Dukuh Atas menjadi Stasiun Dukuh Atas BNI sebagai upaya peningkatan layanan transportasi publik di Jabodetabek. #ptkai #transportasipublik #stasiundukuhatas","1859169236054356169","","","in","NKRI","0","1","0","https://x.com/antaranews/status/1859169236054356169","18071520","antaranews"
"1858332004783473031","Mon Nov 18 10:08:33 +0000 2024","0","@MichelAdam717 Silakan tanya ke ptkai bagaimana menurut mreka dgn kehadiran kereta cepat","1858452225028411741","","MichelAdam717","in","","0","0","0","https://x.com/RezAzer10/status/1858452225028411741","1399539102358269952","RezAzer10"
"1857750812266737773","Sat Nov 16 15:29:16 +0000 2024","292","@bacottetangga__ Kalo ini tidak disukai PTKAI https://t.co/8gY7MwFJKc","1857808159039172693","","bacottetangga__","in","Sumatera Utara, Indonesia","0","20","21","https://x.com/PresidenKopi/status/1857808159039172693","1021329195329179648","PresidenKopi"
"1857345174445412456","Fri Nov 15 08:49:32 +0000 2024","9","Gubernur DIY Sri Sultan Hamengku Buwono X turut berkomentar atas gugatan Keraton Yogyakarta ke PT KAI sebesar Rp 1.000. Sultan mengatakan bahwa tanah yang berstatus Sultan Ground (SG) dicatat sebagai milik BUMN yakni PT KAI. &lt; #SriSultanHBX #PTKAI https://t.co/PIACi1PRfI","1857345174445412456","","","in","Jakarta","3","1","1","https://x.com/kompascom/status/1857345174445412456","23343960","kompascom"
"1857068687410245853","Thu Nov 14 14:30:52 +0000 2024","13","Gugatan Keraton Yogyakarta ke PT Kereta Api Indonesia senilai Rp 1.000 sempat menjadi viral di media sosial pekan lalu. Ternyata nilai tersebut tak sekadar nominal tetapi ada arti bijak di baliknya. | #KeratonYogyakarta #Yogyakarta #PTKAI https://t.co/tkOFuA1rLR","1857068687410245853","https://pbs.twimg.com/media/GcWh2ukXQAAXvuA.jpg","","in","Jakarta","0","2","2","https://x.com/kompascom/status/1857068687410245853","23343960","kompascom"
"1856998198641877328","Thu Nov 14 09:50:46 +0000 2024","3","Kuasa Hukum Keraton Yogyakarta Markus Hadi Tanoto mengungkapkan bahwa terdapat lima bidang tanah yang sedang diperkarakan oleh Keraton Yogyakarta. &lt; #KeratonYogyakarta #PTKAI https://t.co/uzINZ2Uawi","1856998198641877328","","","in","Jakarta","0","0","1","https://x.com/kompascom/status/1856998198641877328","23343960","kompascom"
"1856979009382617573","Thu Nov 14 08:34:31 +0000 2024","1","Kuasa hukum Keraton Yogyakarta Markus Hadi Tanoto mengungkap mengapa Keraton Yogyakarta hanya menuntut ganti rugi sebesar Rp 1.000 kepada PT KAI. //MN #KeratonYogyakarta #PTKAI #GantiRugi https://t.co/pVmaE9YNO0","1856979009382617573","","","in","Jakarta","0","0","0","https://x.com/kompascom/status/1856979009382617573","23343960","kompascom"
"1855206632306643332","Sun Nov 10 05:05:18 +0000 2024","0","@lakson027 @buatnontonlive @dprpbismalam @PTKAI dulu aku baik bis rela kak supirnya tidak ganti menakutkan sekali ","1855476806197072221","","lakson027","in","","0","0","0","https://x.com/irvan_aan88/status/1855476806197072221","1288806127","irvan_aan88"
"1855440063552971225","Sun Nov 10 04:14:29 +0000 2024","0","@tonggoneabinamu Gada tutor ketua soale aku bagian keluarga ptkai jadi potongan 50 wkkwkwkwkwkw","1855464018368221526","","tonggoneabinamu","in","","0","1","0","https://x.com/perkedelgemoy/status/1855464018368221526","1463160825666023427","perkedelgemoy"
"1855206632306643332","Sun Nov 10 03:14:36 +0000 2024","1","@irvan_aan88 @buatnontonlive @dprpbismalam @PTKAI Sepengalaman aku sih selalu ganti bang habis service makan baik rosalia sinar jaya harapan jaya.","1855448949685162145","","irvan_aan88","in","Malang, Jawa Timur","0","1","0","https://x.com/lakson027/status/1855448949685162145","1888932282","lakson027"
"1855206632306643332","Sun Nov 10 02:47:45 +0000 2024","1","@buatnontonlive @dprpbismalam @PTKAI Tapi saya tetep pilih naik kereta karena masinis nya selalu ganti baru setiap DAOP / kalo di hitung per 3/4 jam perjalanan selalu ganti baru masinis nya kalo bus setau saya dari titik awal sampe akhir ga ganti supir sedikit tidak tenang apalg jalan malam ","1855442189863862364","","buatnontonlive","in","","0","1","0","https://x.com/irvan_aan88/status/1855442189863862364","1288806127","irvan_aan88"
"1855420174956196191","Sun Nov 10 01:20:16 +0000 2024","0","Stasiun KA Gambir jam 7.30 pagi macet toyal dan full...gara gara lapangan parkir ditutup gara gara mau ada upacara hari Senen pagi. Stengah jam muter2 cari parkir. Please deehhhh. @PTKAI","1855420174956196191","","","in","","0","0","0","https://x.com/AlfianDjuwie/status/1855420174956196191","1281303749839876096","AlfianDjuwie"
"1855206632306643332","Sun Nov 10 00:14:06 +0000 2024","0","@buatnontonlive @dprpbismalam @PTKAI Mohon tanggapanne kak @irvan_aan88","1855403525720932751","","buatnontonlive","in","Malang, Jawa Timur","0","0","0","https://x.com/DenYudhis24/status/1855403525720932751","1402837974513905668","DenYudhis24"
"1855206632306643332","Sat Nov 09 23:29:55 +0000 2024","1","@buatnontonlive @dprpbismalam @PTKAI BUMN SOALNYA anda rakyat makanya fasilitas untuk rakyat udh diwakilkan oleh pada babu di DPRD jdi iya @PTKAI apa adanya","1855392403001393635","","buatnontonlive","in","","0","0","1","https://x.com/poetralr13/status/1855392403001393635","3805525334","poetralr13"
"1855206632306643332","Sat Nov 09 23:24:38 +0000 2024","0","@buatnontonlive @dprpbismalam @PTKAI pertanyaan mbah @CaloTerminl dari dulu ini","1855391074199761034","","buatnontonlive","in","","0","0","0","https://x.com/coketju/status/1855391074199761034","371131605","coketju"
"1855206632306643332","Sat Nov 09 23:11:33 +0000 2024","1","@dprpbismalam Gw tuh suka heran kok bis bis kayak gini bisa bisanya senyaman ini fasilitasnya malam all you can eat lagi kok @PTKAI ga bisa ya?","1855387784149914032","","dprpbismalam","in","","3","4","2","https://x.com/buatnontonlive/status/1855387784149914032","1637742070516568064","buatnontonlive"
"1854714928214814971","Fri Nov 08 14:53:06 +0000 2024","0","@catchmeupco Ko komenannya ga ada yang ngetag @PTKAI ?","1854899955376570787","","catchmeupco","in","","0","0","0","https://x.com/aheludit/status/1854899955376570787","1202605365302448129","aheludit"
"1854727936378540404","Fri Nov 08 03:29:33 +0000 2024","1","Polres Muara Enim Gelar konferensi Pers Pencurian pendrol rel kereta api milik PT. KAI #PolresMuaraEnim #PoldaSumsel #PencurianPendrol #PengamananKeretaApi #PTKAI #KeselamatanPublik #HukumTegas #JagaFasilitasUmum #SinergiPolriDanKAI #TindakPidana https://t.co/ajh4sF4XkG","1854727936378540404","https://pbs.twimg.com/media/Gb1RN08bwAUV8f7.jpg","","in","Muara Enim, Sumatera Selatan","0","0","1","https://x.com/Polres_ME/status/1854727936378540404","1189550484673060865","Polres_ME"
"1854721907104547314","Fri Nov 08 03:05:36 +0000 2024","0","@PTKAI min kl mau refund tiket tp antara nama penumpang dan no rekening berbeda apakah bisa?","1854721907104547314","","PTKAI","in","","0","0","0","https://x.com/sryn79/status/1854721907104547314","321823730","sryn79"
"1854672570232250642","Thu Nov 07 23:49:33 +0000 2024","17","Keraton Yogyakarta Gugat Rp 1.000 ke PT KAI soal Apa? | #KeratonYogyakarta #PTKAI #StasiunTugu https://t.co/QWIAIAUOIK","1854672570232250642","https://pbs.twimg.com/media/Gb0ewglbwAIpElv.jpg","","in","Jakarta","0","0","3","https://x.com/kompascom/status/1854672570232250642","23343960","kompascom"
"1853996039784796331","Wed Nov 06 03:01:16 +0000 2024","0","PT Kereta Api Indonesia (KAI) kini menyediakan layanan face recognition boarding gate di 20 stasiun di Jawa dan Sumatera termasuk di Stasiun Pasar Senen dan Stasiun Lempuyangan. #PTKAI #KAI #keretaapiindonesia #facerecognition #gambir #bandung #semarangtawang https://t.co/QadJvNbBcb","1853996039784796331","https://pbs.twimg.com/media/Gbq3i6ha8AAZoiZ.jpg","","in","","0","0","0","https://x.com/wownewsofc/status/1853996039784796331","1413403889555042305","wownewsofc"
"1853715484426092612","Tue Nov 05 08:26:26 +0000 2024","0","Baru nii pt kai makasi yaa buat booth air minum nya.. sangat membantu #stasiuntambun @CommuterLine #ptkai https://t.co/MTTBr4nOug","1853715484426092612","https://pbs.twimg.com/media/Gbm3wgRakAERADP.jpg","","in","Goa","0","1","0","https://x.com/sukarda/status/1853715484426092612","153676746","sukarda"
"1852966672619163730","Sun Nov 03 06:50:55 +0000 2024","0","Mohon perhatian #PtKAI hujan lebat walau didalam #StasiunBogor tetap basah karena desain kanopinya kurang benar kasian orang tua dan anak2 https://t.co/eb6ekYIJIK","1852966672619163730","https://pbs.twimg.com/ext_tw_video_thumb/1852966633305960448/pu/img/pXrkSIZiXGQ8n7ly.jpg","","in","Jakarta","0","0","1","https://x.com/irfanwahidi06/status/1852966672619163730","230692266","irfanwahidi06"
"1851541441979592969","Wed Oct 30 08:27:34 +0000 2024","1","KAI Daop 8 Surabaya Tutup Perlintasan Sebidang Liar di Kabupaten Lamongan. PT Kereta Api Indonesia (Persero) Daerah Operasi 8 Surabaya berkolaborasi dengan Direktorat Jenderal https://t.co/5WRgCGpsik #Peristiwa #Daops8Surabaya #lamongan #ptkai via @beritajatimcom","1851541441979592969","","","in","Surabaya","0","0","0","https://x.com/beritajatimcom/status/1851541441979592969","21287066","beritajatimcom"
"1851218152962867415","Tue Oct 29 11:02:56 +0000 2024","0","KAI Divre II Sumbar Salurkan TJSL Lebih Setengah Miliar hingga Oktober 2024 #ProgramTJSL #PTKAI https://t.co/HnnqUhzY1c","1851218152962867415","","","in","Sumatera Barat, Indonesia","0","0","0","https://x.com/radarsumbarcom/status/1851218152962867415","1406534413240786947","radarsumbarcom"
"1849087785933967651","Wed Oct 23 13:57:37 +0000 2024","0","PT Kereta Api Indonesia (Persero) mencatat telah menyelamatkan barang tertinggal milik penumpang kereta api senilai Rp10.436.502.765 selama periode Januari hingga September 2024. #ptkai #penumpang #barangtertinggaldikereta https://t.co/86AZHRLw08","1849087785933967651","","","in","NKRI","0","0","0","https://x.com/antaranews/status/1849087785933967651","18071520","antaranews"
"1848722158434033859","Tue Oct 22 13:44:44 +0000 2024","0","https://t.co/egKQnBEETF https://t.co/PEHK4IVwiH KAI mencatat lonjakan pengguna LRT Jabodebek yang signifikan pada 20 Oktober 2024 bertepatan dengan penerapan tarif Rp 1 dalam rangka memeriahkan Pesta Rakyat Pelantikan Presiden dan Wakil Presiden. #kai #LRT #ptkai #ipol https://t.co/Jm2WqxQA6Q","1848722158434033859","https://pbs.twimg.com/media/Gaf67qabEAErB2m.jpg","","in","Jalan Cirendeu Raya No 32 A RT","0","0","0","https://x.com/ipoldotid/status/1848722158434033859","1407567917537894407","ipoldotid"
"1848561913036431532","Tue Oct 22 03:07:59 +0000 2024","0","Karikatur Purnatugas konsep naik kapal. #sertijab #purnatugas #kado #hadiah #souvenir #ulangtahun #kapal #laut #pensiun #kawanpajak #PLN #ptkai #Logistics #ptpos #ekspor #impor #kemendag #pelabuhan #beacukai #perdagangan #SahabatPos #pertamina #bumnuntukindonesia #minerba https://t.co/9NHH1V58nW","1848561913036431532","https://pbs.twimg.com/media/GadpQ28bEAIcprr.jpg","","in","","0","0","0","https://x.com/KarikaturLucu/status/1848561913036431532","1277209578","KarikaturLucu"
"1847815010090963217","Sun Oct 20 01:40:03 +0000 2024","0","Ada Pelantikan Presiden 27 Kereta Api Berhenti di Stasiun Jatinegara https://t.co/PMgBIZOB6k #PTKAI #StasiunGambir #StasiunJatinegara #PelantikanPresidendanWakilPresiden","1847815010090963217","","","in","Jakarta","0","0","0","https://x.com/syamspuna/status/1847815010090963217","1272736187904450560","syamspuna"
"1847157440741363988","Fri Oct 18 06:07:07 +0000 2024","0","KAI Alihkan 32 Perjalanan ke Stasiun Jatinegara saat Pelantikan Presiden-Wapres @KAI121 @prabowo @gibran_tweet #keretaapi #ptkai #pelantikanpresiden #pelantikanprabowogibran #stasiunjatinegara https://t.co/SOTypgnxHp","1847157440741363988","","","in","","0","0","0","https://x.com/sinpotv/status/1847157440741363988","1012174601055449088","sinpotv"
"1846820343723577529","Thu Oct 17 07:47:36 +0000 2024","0","Terima kasih yg sudah order #kaos #kaosmadiun #dtf #cuttoncombad24 #viral #fyp #ptkai #ptimst #nsa #kaosmurah #madiun #kotamadiun https://t.co/auoSIQU2mg","1846820343723577529","https://pbs.twimg.com/media/GaE5UJbbsAAR0Cw.jpg","","in","Madiun ","0","0","0","https://x.com/tifosistoreid/status/1846820343723577529","1563405402314002433","tifosistoreid"
"1846117536175477128","Tue Oct 15 09:14:54 +0000 2024","0","https://t.co/SG1YL0HP4P https://t.co/PEHK4IVwiH Kabar baik dihembuskan Kementerian Perhubungan (Kemenhub) bagi para pengguna kereta rel listrik atau komuter line. #kemenhub #krl #kai #ptkai #ipol https://t.co/5Cfm2zgJM4","1846117536175477128","https://pbs.twimg.com/media/GZ66DJMb0AEUvgF.jpg","","in","Jalan Cirendeu Raya No 32 A RT","0","0","0","https://x.com/ipoldotid/status/1846117536175477128","1407567917537894407","ipoldotid"
"1845828671246061804","Mon Oct 14 14:07:03 +0000 2024","0","Revitalisasi Wajah Baru Stasiun Jurang Mangu Ini Kata Pengguna https://t.co/qKxpy6lmY5 #PTKAI #StasiunJurangMangu","1845828671246061804","","","in","Banten, Indonesia","0","0","0","https://x.com/banten_berita/status/1845828671246061804","1941200143","banten_berita"
"582757679195557890","Thu Oct 10 09:39:52 +0000 2024","0","@KAI121 @PTKAI Thanks infonya walow telat. Tadi ada penumpang hampir pingsan Alhamdulillah tadi sudah teratasi dengan baluran minyak kayu putih teh hangat dan cairan t*l*k a**in","1844311879851913451","","KAI121","in","Indonesia","0","0","0","https://x.com/afishare23/status/1844311879851913451","1683918939167035393","afishare23"
"582757679195557890","Thu Oct 10 09:32:11 +0000 2024","0","@afishare23 @PTKAI Selamat sore Kak. Unit khusus kesehatan tidak tersedia di atas KA. Namun tersedia perlengkapan P3K (Pertolongan Pertama Pada Kecelakaan) untuk penumpang. Kemudian bila membutuhkan bantuan kesehatan lebih lanjut bisa konfirmasi ke rekan kondektur yang bertugas agar dapat","1844309947955413490","","afishare23","in","","0","1","0","https://x.com/KAI121/status/1844309947955413490","516165629","KAI121"
"1844304228602479088","Thu Oct 10 09:09:28 +0000 2024","0","Sosialisasi Perlintasan Kereta Api with Sadulur Sepoor JPL 17 Duren Kalibata Jakarta Selatan . #PTKAI #KeretaApiIndonesia https://t.co/jdfnHq80Pe","1844304228602479088","https://pbs.twimg.com/media/GZhI3WQaAAYYhWO.jpg","","in","DKI Jakarta, Indonesia","0","0","0","https://x.com/_IrfanMaulana_/status/1844304228602479088","478559913","_IrfanMaulana_"
"582757679195557890","Thu Oct 10 07:32:02 +0000 2024","0","@KAI121 @PTKAI Min tanya... apakah di dlaam kereta api gayabaru malam selatan ada pppk/unit medis nya ? Jika ada penumpang yg tiba2 sakit harus bagaimana ?","1844279709364044038","","KAI121","in","Indonesia","0","1","0","https://x.com/afishare23/status/1844279709364044038","1683918939167035393","afishare23"
"1844234698614243702","Thu Oct 10 04:33:11 +0000 2024","0","Mengucapkan : Selamat Ulang Tahun ke 8 ■ Komunitas Sahabat Kereta Api Area 2 Bandung 10 Oktober 2016 - 10 Oktober 2024 #ptkai #dirgahayu","1844234698614243702","","","in","","0","0","0","https://x.com/jurnalgiat1978/status/1844234698614243702","1840217703866609664","jurnalgiat1978"
"1844178870934856046","Thu Oct 10 00:51:20 +0000 2024","0","SMK Putra Bangsa Depok berkolaborasi dengan PT. KAI mengadakan Sosialisasi Keamanan dan Keselamatan Perjalanan Kereta Api. . Jaga diri dimana dan kapan saja yaa temen-temen. . #smkputrabangsa #SMK #kereta #sosialisasi #keamanan #transportasi #KAI #ptkai #sekolah #sekolahdepok . https://t.co/uLsWjgXGYZ","1844178870934856046","https://pbs.twimg.com/media/GZfW6IEaAAEaslA.jpg","","in","Jl. Margonda Raya Gg.Kedondong","0","0","0","https://x.com/smkputrabangsa2/status/1844178870934856046","1253576742578425857","smkputrabangsa2"
"1843976594765094978","Wed Oct 09 11:27:34 +0000 2024","1","Seorang pria bernama Andi Arsyad viral di media sosial setelah mengaku sebagai pegawai PT KAI saat bercerita di sebuah podcast horor. Dalam ceritanya Andi mengklaim dirinya sebagai masinis yang mengalami kejadian magis selama bertugas. #garudatv #laporan8 #viral #PTKAI https://t.co/4Y8ljhZrU6","1843976594765094978","https://pbs.twimg.com/media/GZcawStbEAAWi0Q.jpg","","in","Indonesia","0","0","0","https://x.com/garudatvnews/status/1843976594765094978","502140136","garudatvnews"
"1843497265790615948","Wed Oct 09 04:14:07 +0000 2024","0","@Dedy_313 @bacottetangga__ @PTKAI Agreee karena nyawa yang diselamatkan nggak bisa tergantikan","1843867512527827357","","Dedy_313","in","","0","0","0","https://x.com/KerangkaFikir/status/1843867512527827357","1843824511734689792","KerangkaFikir"
"1843497265790615948","Wed Oct 09 04:08:19 +0000 2024","0","@yudaamaraa @Dedy_313 @bacottetangga__ @PTKAI kenapa ga mau? asal jelas tujuannya","1843866055833464977","","yudaamaraa","in","Bandarlampung","0","0","0","https://x.com/tian_path/status/1843866055833464977","74426171","tian_path"
"1843497265790615948","Wed Oct 09 04:02:25 +0000 2024","0","@sujiwo_tego @Dedy_313 @bacottetangga__ @PTKAI Hahahah berapa sih jumlahnya mau dibagi ke anak-anaknya aja hanya cukup buat beli permen. Yg jd poin tuh kemerdekaan yg dinikmati oleh anak cucu atas hasil perjuangannya jgn hitung materi semata dong. Rejeki udah ada takarannya masing-masing juga toh.","1843864571486056580","","sujiwo_tego","in","","0","0","0","https://x.com/Daeng_LeoMks/status/1843864571486056580","1453627768193761280","Daeng_LeoMks"
"1843497265790615948","Wed Oct 09 03:23:28 +0000 2024","0","@obatsakitmah @Dedy_313 @bacottetangga__ @PTKAI Bukan di situ poin saya ","1843854767786971236","","powerpopgal","in","Olympico Roma","0","0","0","https://x.com/JustDonzh/status/1843854767786971236","122934031","JustDonzh"
"1843497265790615948","Wed Oct 09 03:08:55 +0000 2024","0","@Daeng_LeoMks @Dedy_313 @bacottetangga__ @PTKAI Lha khan SHM kakek/nenek guwe anak cucu yg nikmati. Tp pensiunan kakek guwe anak cucu gk bisa menikmati","1843851107187183770","","Daeng_LeoMks","in","","0","1","0","https://x.com/sujiwo_tego/status/1843851107187183770","1210780507727745025","sujiwo_tego"
"1843497265790615948","Wed Oct 09 02:59:13 +0000 2024","1","@sujiwo_tego @Dedy_313 @bacottetangga__ @PTKAI Yg berjasa kakekku dan kakekmu kok yg menikmati anak cucu. Piye tho dul?","1843848664592331015","","sujiwo_tego","in","","0","1","0","https://x.com/Daeng_LeoMks/status/1843848664592331015","1453627768193761280","Daeng_LeoMks"
"1843497265790615948","Wed Oct 09 02:51:51 +0000 2024","0","@Ranukumbolo77 @Dedy_313 @bacottetangga__ @PTKAI gk gitu juga konsepnya kum","1843846810823221659","","Ranukumbolo77","in","","0","0","0","https://x.com/sujiwo_tego/status/1843846810823221659","1210780507727745025","sujiwo_tego"
"1843497265790615948","Wed Oct 09 02:37:49 +0000 2024","0","@Dedy_313 @bacottetangga__ @PTKAI malah ngatur","1843843280318148761","","Dedy_313","in","Indonesia","0","0","0","https://x.com/koyaltg/status/1843843280318148761","131112652","koyaltg"
"1843497265790615948","Wed Oct 09 00:52:34 +0000 2024","1","@Dedy_313 @bacottetangga__ @PTKAI Seenggaknya dapat santunan atau naik kereta gratis sebulan buat mereka ber2 ga perlu sampe cucu nya","1843816792562774082","","Dedy_313","in","DKI Jakarta, Indonesia","0","0","0","https://x.com/rrhhyynth/status/1843816792562774082","1349291521279893510","rrhhyynth"
"1843497265790615948","Wed Oct 09 00:30:14 +0000 2024","0","@sujiwo_tego @Dedy_313 @bacottetangga__ @PTKAI Si tego gak kawin kayaknya jadi gak punya anak-cucu","1843811173621477428","","sujiwo_tego","in","","0","1","0","https://x.com/Ranukumbolo77/status/1843811173621477428","776031154973454336","Ranukumbolo77"
"1843497265790615948","Tue Oct 08 23:52:42 +0000 2024","1","@Dedy_313 @bacottetangga__ @PTKAI Dulu di kampung gua ada anak yg menemukan bom di jalur KA. Oleh Presidn saat itu ibu Megawati dijanjikan kuliah gratis. Tau skrg dia kerja apa? Ngojek !!!","1843801724685025380","","Dedy_313","in","","0","0","0","https://x.com/ozzy_sebastian_/status/1843801724685025380","32334648","ozzy_sebastian_"
"1843497265790615948","Tue Oct 08 23:16:51 +0000 2024","0","@Dedy_313 @bacottetangga__ @PTKAI ngatur banget","1843792703483724207","","Dedy_313","in","","0","0","0","https://x.com/chabibabror/status/1843792703483724207","1440367902507421700","chabibabror"
"1843148365548372106","Mon Oct 07 04:36:29 +0000 2024","0","@tfsurabaya sayang yah halte pinggir St Gubeng baru gak ada kanopi nya. Coba ptkai ft Pemkot bikin halte disitu","1843148365548372106","","tfsurabaya","in","Kota Surabaya, Jawa Timur","0","0","0","https://x.com/AchmadFilza/status/1843148365548372106","1035123714445082624","AchmadFilza"
"1841749332187636125","Thu Oct 03 07:57:13 +0000 2024","0","Usai Gusur Bong Suwung PT KAI Lakukan Pemekaran Emplasemen #PTKAI #BongSuwung #SterilisasiBongSuwung #EmplasemenStasiunYogyakarta https://t.co/RE1pab04OR","1841749332187636125","","","in","Yogyakarta","0","0","0","https://x.com/republikajogja/status/1841749332187636125","1177104115148578816","republikajogja"
"1841353698133541373","Wed Oct 02 05:45:06 +0000 2024","0","Warga Bong Suwung Sudah Terima Uang Kompensasi dari PT KAI #BongSuwung #PTKAI #KompensasiBongSuwung #BongSuwunDigusur #PTKAIGusurBongSuwung https://t.co/MPvbGQjccq","1841353698133541373","","","in","Yogyakarta","0","0","0","https://x.com/republikajogja/status/1841353698133541373","1177104115148578816","republikajogja"
"1841333788879815111","Wed Oct 02 04:26:00 +0000 2024","0","KAI Catat 535 Kejadian Tabrakan Kereta Api Sepanjang Januari-Agustus #KecelakaanKereta #TabrakanKeretaApi #PTKAI https://t.co/M7y5Y5fI1i","1841333788879815111","","","in","Yogyakarta","0","0","0","https://x.com/republikajogja/status/1841333788879815111","1177104115148578816","republikajogja"
"1841302271705186383","Wed Oct 02 02:20:45 +0000 2024","0","Transformasi Kereta Api Indonesia Menuju Masa Depan Berkelanjutan #harikerataapinasional #ptkai #transportasi https://t.co/7FW2H1hnt4","1841302271705186383","","","in","Jakarta Capital Region","0","0","0","https://x.com/KaitjilyBilly/status/1841302271705186383","1790045413590073344","KaitjilyBilly"
"1840984682693083410","Tue Oct 01 05:18:46 +0000 2024","1"," Sebuah truk menemper KA Pandalungan dari Jakarta menuju Jember pada pukul 08.50 WIB sehingga perjalanannya terganggu akibat insiden tersebut di Probolinggo kata Manajer Hukum dan Humas KAI Daop 9 Jember Cahyo Widiantoro. #kecelakaankeretaapi #jember #ptkai","1840984682693083410","","","in","NKRI","0","0","0","https://x.com/antaranews/status/1840984682693083410","18071520","antaranews"
"1839897828065456273","Sat Sep 28 05:20:00 +0000 2024","1","Info Loker #loker #lowongankerja #PTKAI #KAI #JOBFAIR #jobvacancy Siapa tau ada yang butuh https://t.co/fkLcgnj7qV","1839897828065456273","https://pbs.twimg.com/media/GYihTr6aEAAjBW2.jpg","","in","","0","0","0","https://x.com/raddhap/status/1839897828065456273","1598037481433182209","raddhap"
"1839567200484737312","Fri Sep 27 07:26:12 +0000 2024","0","Dalam rangka memperingati HUT ke-79 PT Kereta Api Indonesia (Persero) Divisi Regional I Sumatera Utara menggelar promo diskon tiket kereta api Sribilah Utama. https://t.co/xKdbClGSfz #PTKAI #ManagerHumasPTKAIDivisiRegionalSumateraUtara #AnwarSolikhin @kaiwisata","1839567200484737312","","","in","Jakarta","0","1","0","https://x.com/gemaposID/status/1839567200484737312","1183693365449084928","gemaposID"
"1839508442459078691","Fri Sep 27 03:32:43 +0000 2024","0","Ada Diskon Tiket Kereta Api dari Semarang untuk Oktober 2024. #keretaapi #PTKAI #ptkeretaapiindonesia #KAI #tiketkeretaapi #tiketKA #semarang #kotasemarang #Jateng https://t.co/s0v5XgLDqT","1839508442459078691","","","in","","0","0","0","https://x.com/bisnisjatengdiy/status/1839508442459078691","323030706","bisnisjatengdiy"
"1839186273418015033","Thu Sep 26 06:12:32 +0000 2024","0","Kompensasi Penggusuran Bong Suwung Dinilai Rendah Warga Kembali Demo #BongSuwung #PTKAI #PenggusuranBongSuwung #KompensasiPenggusuranBongSuwung https://t.co/IvD7t61E5f","1839186273418015033","","","in","Yogyakarta","0","0","0","https://x.com/republikajogja/status/1839186273418015033","1177104115148578816","republikajogja"
"1839071930735014124","Wed Sep 25 22:38:11 +0000 2024","0","KAI Lakukan Proses Hukum Sopir Truk yang Terobos Pintu Perlintasan di Bantul PT Kereta Api Indonesia (Persero) memproses... #NewsUpdate #KAI #PTKAI #KeretaApi #PerlintasanKeretaApi #Bantul https://t.co/xoMlnfMiq7","1839071930735014124","","","in","","0","0","0","https://x.com/arahkitamedia_/status/1839071930735014124","1741804247933665280","arahkitamedia_"
"1838720962973569061","Wed Sep 25 01:25:28 +0000 2024","0","@merapi_uncover Keknya orang2 pada ga tau ya jalur KA itu harus steril. Giliran gini PTKAI boleh minta ganti rugi ga?","1838751642210222370","","merapi_uncover","in","Jakarta Capital Region, Indone","0","2","0","https://x.com/busannnnnnn/status/1838751642210222370","1047381626475307008","busannnnnnn"
"1838577693312585956","Tue Sep 24 13:54:15 +0000 2024","0","Kereta Api Fajar Utama Tabrak Empat Orang Sampai Meninggal Dunia https://t.co/Sm2YOlR87a #KeretaApi #PTKAI #Rokmad","1838577693312585956","","","in","Banten, Indonesia","0","0","0","https://x.com/banten_berita/status/1838577693312585956","1941200143","banten_berita"
"1837833949923758487","Mon Sep 23 14:10:16 +0000 2024","0","@berfirmanlah Apa2 pemerintah yang disalahin PTKAI yang disalahin.. padahal yang jelas2 salah ya yang berdiri di rel itu... aduuuh mati kan tuh","1838219332775735648","","berfirmanlah","in","","0","0","0","https://x.com/Richa313196/status/1838219332775735648","1801472578927923202","Richa313196"
"1838217750575235463","Mon Sep 23 14:03:58 +0000 2024","0","Kereta Api Lodaya mogok di Garut. 2 jam makan dodol! Disogok air mineral @ptkai","1838217750575235463","","","in","Bandung, Indonesia","0","0","0","https://x.com/merabanesia/status/1838217750575235463","263065109","merabanesia"
"1838137477846180094","Mon Sep 23 08:45:00 +0000 2024","0","PT Kereta Api Indonesia (Persero) atau KAI mengingatkan masyarakat perihal larangan beraktivitas di jalur kereta api dan bagi yang melanggar akan dijatuhi sanksi kurungan penjara atau denda hingga Rp15 juta. #PTKAI #MedcomId #MudaMemberiArti https://t.co/67yV6MgAOT","1838137477846180094","","","in","Jakarta Capital Region, Indone","0","0","0","https://x.com/medcom_id/status/1838137477846180094","902837643024539651","medcom_id"
"1837801920981094832","Sun Sep 22 19:46:17 +0000 2024","1","@creepy_room_ Otaknya pada gak dipake sih. main kok di rel kereta ?. padahal PTKAI udah sering kali sosialisasi larangan bermain di rel krn bahaya terus mungkin jg di berita entah di tv atau medsos suka liat peristiwa kecelakaan org tertabrak kereta. masa gak jadi pelajaran ?","1837941506294104141","","creepy_room_","in","Izmir","0","0","0","https://x.com/FaishalIshal5/status/1837941506294104141","1102174539587309570","FaishalIshal5"
"1837783754854560164","Sun Sep 22 16:55:34 +0000 2024","0","@bacottetangga__ Ini lah orang indonesia bodoh! Udah tau bahaya ngapain pake bediri di rel. Mati deh.. kayak nya PTKAI harus bikin pagar pembatas minimal 3 meter diseluruh perlintasan KA untuk mencegah warga masuk ke rel. Itu pun kalo gak di korupsi sama pemerintah!","1837898547666251958","","bacottetangga__","in","","0","0","0","https://x.com/Richa313196/status/1837898547666251958","1801472578927923202","Richa313196"
"1837879220472893709","Sun Sep 22 15:38:46 +0000 2024","0","Infoooo bagi rekan rekan di Bekasi khususnya Stasiun Cikarang dan sekitarnya. Barangkali melihat yang bersangkutan mohon kontak nomor di gambar ini #hilang #oranghilang #kai #ptkai #keretaapiindonesia #stasiuncikarang #bekasi https://t.co/nEaTx7J82H","1837879220472893709","https://pbs.twimg.com/media/GYF1Z7hb0AIavxZ.jpg","","in","","0","0","1","https://x.com/aryandraaaa/status/1837879220472893709","1959324656","aryandraaaa"
"1837853489541926943","Sun Sep 22 13:56:32 +0000 2024","0","@PTKAI @KAI121 @keretaapikita Selamat malam melaporkan mohon bekerja juga dengan profesional rel kereta (BATARA KRESNA) ditinggikan sampai mobil dengan ketinggian STANDAR (gak diceperkan) nyangkut mau masuk ke rumah sendiri. Agung Wa 082136754005 https://t.co/XxKMh57NCO","1837853489541926943","https://pbs.twimg.com/media/GYFeARubEAEtMn6.jpg","PTKAI","in","","0","0","0","https://x.com/agungsrimon/status/1837853489541926943","1837851251473895429","agungsrimon"
"1837680890564276620","Sun Sep 22 02:30:41 +0000 2024","0","Traveling: Menara Air di Manggarai Jakarta https://t.co/MQ7Sw6zSQz #traveling #menaraair #manggarai #ptkai","1837680890564276620","","","in","","0","0","0","https://x.com/GNaskah19134/status/1837680890564276620","1721455121245306880","GNaskah19134"
"1837300281165631742","Sat Sep 21 01:18:17 +0000 2024","0","Tarif KRL Bukan Bedakan Si Kaya dan Si Miskin Tapi Karcis Langganan untuk Kelas Pekerja - https://t.co/LNk2ulQVCK @kemenhub151 @PTKAI @CommuterLine @YLKI_ID #TarifKRL","1837300281165631742","","","in","DKI Jakarta, Indonesia","0","0","0","https://x.com/infokespro/status/1837300281165631742","98528364","infokespro"
"1836730591339024669","Fri Sep 20 13:21:54 +0000 2024","0","@Widino Kalo di stasiun pasar senen @PTKAI nemu toilet pria paling pojok gratis pdahal fasilitas sauna ruang tertutup tanpa ventilasi sama sekali..auto pipis bentar aja gratis mandi keringat..","1837120000769020334","","Widino","in","","0","0","0","https://x.com/anandpeduli/status/1837120000769020334","1603618933826674688","anandpeduli"
"1837047287014674522","Fri Sep 20 08:32:58 +0000 2024","0","Monumen Lokomotif Kereta Uap Berusia 133 Tahun di Stasiun Kediri Diresmikan Begini Penampakannya https://t.co/pujttH9WIa #ptkai #kai121 #kereta #keretaapikita #lokomotifvintage #monumenkereta #keretauap #infokediri #kotakediri #kedirihits #metaranews https://t.co/qjvWWzjiOv","1837047287014674522","https://pbs.twimg.com/media/GX6AlrDaMAAdzVt.jpg","","in","Jawa Timur, Indonesia","0","0","0","https://x.com/MetaraNews/status/1837047287014674522","1493682253242589185","MetaraNews"
"1836570188034236759","Thu Sep 19 00:57:09 +0000 2024","5","Woi @sigitwid Perbaikan itu dimulai dan sukses saat pak Jonan jadi Dirut PTKAI.dan itu dimasa presiden @SBYudhoyono .oh knp pak Jonan tdk dipakai lg sama jokowi pada periode kedua..apa krn menolak kereta cepat? Jilat jangan nanggung tuh WC dekat rumah saya mungkin perbaikan zama","1836570188034236759","","","in","","0","0","1","https://x.com/G0mb4k/status/1836570188034236759","1462319970184929284","G0mb4k"
"1836427421551354122","Wed Sep 18 15:29:51 +0000 2024","9526","Kalau ngarang jangan keterlaluan. Perbaikan Kereta Api tuh saat Rezim @SBYudhoyono saat Pak Jonan jadi Dirut PTKAI (kebetulan saya yg proses pengangkatannya). Dan Pak Jonan Menhub Pak Jokowi yg menolak Kereta Api Cepat Bandung yg merugikan saat ini shg beliau dipecat sbg Menhub","1836427421551354122","","","in","","43","193","2904","https://x.com/msaid_didu/status/1836427421551354122","1117990249806721024","msaid_didu"
"1836002746019004801","Tue Sep 17 11:22:20 +0000 2024","0","Bripda WSN Disanksi Patsus Terkait Penipuan Berdalih Lowongan Kerja KAI https://t.co/IqBeDHdBjf #PoldaMetroJaya #PTKAI #PenipuanLowongan #Patsus #BribdaWSN https://t.co/LQoDNSaHFR","1836002746019004801","https://pbs.twimg.com/media/GXrKXL0a8AAfR2V.jpg","","in","","0","0","0","https://x.com/sinpotv/status/1836002746019004801","1012174601055449088","sinpotv"
"1835998580555059303","Tue Sep 17 11:05:47 +0000 2024","0","Video rekaman CCTV seorang pria bunuh diri di rel kereta api Video Channel Telegram : https://t.co/XjD0YIUfR3 #kertaapi #kai #ptkai # https://t.co/yuzNQWPLWb","1835998580555059303","https://pbs.twimg.com/ext_tw_video_thumb/1835998339621695488/pu/img/rpRJLEHf7hi_5bhd.jpg","","in","","0","1","0","https://x.com/olxtotomedia/status/1835998580555059303","1812784632657809408","olxtotomedia"
"1835958434967302558","Tue Sep 17 08:26:16 +0000 2024","0","Penipuan Berdalih Lowongan Kerja di KAI Bripda WSN Disidang Etik dan Pidana https://t.co/lfDwgfjkUe #PropamPoldaMetro #Penipuan #PTKAI #PolisiMenipu https://t.co/vycMlv193h","1835958434967302558","https://pbs.twimg.com/media/GXqiIS0aYAATqZx.png","","in","","0","0","0","https://x.com/sinpotv/status/1835958434967302558","1012174601055449088","sinpotv"
"1835720049249984773","Mon Sep 16 16:39:00 +0000 2024","0","@PTKAI @PTKAIIndonesia @PTkaicommuter cocok nih jadi karyawan PT. KAI","1835720049249984773","","PTKAI","in","Jakarta Indonesia","0","0","0","https://x.com/ayahicha/status/1835720049249984773","416279113","ayahicha"
"1835627187313222075","Mon Sep 16 10:30:00 +0000 2024","0","PT Kereta Api Indonesia (KAI) menyebut sebanyak 724.141 tiket kereta ludes terjual saat momen libur panjang atau long weekend yang bertepatan dengan Maulid Nabi Muhammad SAW. #PTKAI #MaulidNabi1446H #MedcomId #MudaMemberiArti https://t.co/AmS1sMw6sh","1835627187313222075","","","in","Jakarta Capital Region, Indone","0","0","0","https://x.com/medcom_id/status/1835627187313222075","902837643024539651","medcom_id"
"1835496216899305623","Mon Sep 16 01:49:34 +0000 2024","1","PT KAI berbagai kelas tujuan ke Jakarta Bandung Semarang Purwokerto Yogyakarta Surabaya Malang dan Tegal saat liburan Maulid Nabi Muhammad SAW. https://t.co/iPPZtOFfYr #PTKAI #MaulidNabiMuhammadSAW #LongWeekend","1835496216899305623","","","in","Surabaya","0","0","0","https://x.com/ngopibareng_id/status/1835496216899305623","1291246080269545472","ngopibareng_id"
"1834903106456293603","Sat Sep 14 10:32:46 +0000 2024","0","Jumlah Penumpang Stasiun Blitar Melonjak Capai 3 Ribu Orang Saat Libur Panjang https://t.co/zfjsHuJ0vA #liburpanjang #maulidnabi #keretaapi #ptkai #musimliburan #keretaapiindonesia #blitar #infoblitar #beritablitar #blitar24jam #metaranews https://t.co/OkTpkVRCCC","1834903106456293603","https://pbs.twimg.com/media/GXbikSQbwAE1l0p.jpg","","in","Jawa Timur, Indonesia","0","0","0","https://x.com/MetaraNews/status/1834903106456293603","1493682253242589185","MetaraNews"
"1834870838056960114","Sat Sep 14 08:24:32 +0000 2024","0","Oknum polisi melakukan penipuan terhadap pencari kerja. Modusnya mengimingi-imingi pelamar bisa bekerja di PT Kereta Api Indonesia (KAI). Satu dari sekian banyak korban mengadukannya ke Polda Metro Jaya. #ptkai #penipuan #oknumpolisi https://t.co/aN7MO9eL2M","1834870838056960114","https://pbs.twimg.com/media/GXbFTCwaIAAoy8x.jpg","","in","jakarta, indonesia","0","0","0","https://x.com/abidintoto_news/status/1834870838056960114","1770721504122089472","abidintoto_news"
"1834555858468090201","Fri Sep 13 11:32:55 +0000 2024","0","Penutup jendela di gerbong 9 K1 9155 Commuter relasi Rangkas-Tn Abang (23/9) tdk bisa ditarik ke atas bisa krn ulah penumpang yg dg paksa tarik ke bawah @PTKAI @CommuterLine @Ylki https://t.co/04jsH6tHO0","1834555858468090201","https://pbs.twimg.com/media/GXWmAItaQAAAkNi.jpg","","in","DKI Jakarta, Indonesia","0","1","0","https://x.com/infokespro/status/1834555858468090201","98528364","infokespro"
"1834532481808408909","Fri Sep 13 10:00:02 +0000 2024","0","Memang tak mudah u saling peduli .... di KAI Commuter Rangkas- Merak pkl 09.55 (13/9) di Eko2 satu keluarga bicara keras2 tanpa perulikan penumpang lain .... @PTKAI @comm","1834532481808408909","","","in","DKI Jakarta, Indonesia","0","0","0","https://x.com/infokespro/status/1834532481808408909","98528364","infokespro"
"1834448130634662217","Fri Sep 13 04:24:51 +0000 2024","0","Usai Layangkan SP 3 PT KAI Gusur Bong Suwung pada September 2024 #PTKAI #BongSuwung #PTKAIGusurBongSuwung https://t.co/LVVrn0BxV2","1834448130634662217","","","in","Yogyakarta","0","0","0","https://x.com/republikajogja/status/1834448130634662217","1177104115148578816","republikajogja"
"1834447792905031817","Fri Sep 13 04:23:30 +0000 2024","0","Perluasan Stasiun Yogyakarta PT KAI Segera Gusur Permukiman Bong Suwung #PTKAI #BongSuwung #SultanGround #StasiunYogyakarta #WargaBongSuwungDigusur #PerluasanStasiunYogyakarta https://t.co/rOEYkfHmGp","1834447792905031817","","","in","Yogyakarta","0","0","0","https://x.com/republikajogja/status/1834447792905031817","1177104115148578816","republikajogja"
"1834406792010379673","Fri Sep 13 01:40:35 +0000 2024","0","Tempat baru pengalaman baru. Brangkat pagi pulang ketemu pagi lagi. #PTKAI #Keretaapiindonesia #stasiuntasikmalaya https://t.co/njQUcEebWe","1834406792010379673","https://pbs.twimg.com/media/GXUfPkRXkAADd8g.jpg","","in","","0","0","0","https://x.com/RivaldiNS001/status/1834406792010379673","1685305707489595392","RivaldiNS001"
"1834395563212800176","Fri Sep 13 00:55:58 +0000 2024","0","Demi apapun gatau lagi kereta pagi ketahan udah 30 menit nih di pasar minggu dan masih belum bisa jalan karena gangguan tuh wkwk @PTKAI","1834395563212800176","","","in","","0","0","0","https://x.com/intandwptr/status/1834395563212800176","77410691","intandwptr"
"1834056781846442166","Thu Sep 12 22:50:19 +0000 2024","0","@pertashoq @humas_jogja Ooo. Apa mau dibuat pusat pertokoan / pujasera tapi yang punya ptkai ya? Kaya daerah² lain yg aset ptkai ketutup aset Pemda ( jadi pertokoan dll ) digusur Pemda dijadikan jalan. Setelah itu lahan ptkai (belakang pertokoan punya pemda) dibangun pertokoan","1834363943873380451","","akademisquy","in","","0","0","0","https://x.com/sumecrotz10141/status/1834363943873380451","1684101825920913408","sumecrotz10141"
"1833815037338943626","Wed Sep 11 10:29:10 +0000 2024","0","KAI Hadirkan Rail Clinic dan Rail Library di Stasiun Ngebruk Malang. Rangkaian HUT ke-79 PT KAI menghadirkan program Tanggung Jawab Sosial &amp; Lingkungan (TJSL) KAI Daop 8 Surabaya menghadirkan layanan Rail Clinic -- https://t.co/ix30slIEXc #Ekbis #ptkai via @beritajatimcom","1833815037338943626","","","in","Surabaya","0","0","0","https://x.com/beritajatimcom/status/1833815037338943626","21287066","beritajatimcom"
"1833781890983272739","Wed Sep 11 08:17:27 +0000 2024","0","Assalamualaikum Kantor Pusat PTKAI","1833781890983272739","","","in","Sumbermanjing","0","3","2","https://x.com/Outstandjing/status/1833781890983272739","59363362","Outstandjing"
"1833499198001672596","Tue Sep 10 13:34:08 +0000 2024","0","Heru Budi Sebut PT KAI Tak Respons saat Dimintai Bantuan untuk Korban Kebakaran Manggarai #herubudi #ptkai #bantuan #korbanKebakaran #manggarai #beritanasional #selasa https://t.co/9q1jBRWnts","1833499198001672596","","","in","","0","0","0","https://x.com/NasionalBerita_/status/1833499198001672596","1769451991124832257","NasionalBerita_"
"1833250333881258050","Mon Sep 09 21:05:14 +0000 2024","0","andai thomas masuk perusahaan ptkai","1833250333881258050","","","in","","0","0","0","https://x.com/manrobustaa/status/1833250333881258050","1099740573479497728","manrobustaa"
"1833098021241782748","Mon Sep 09 11:00:00 +0000 2024","0","PT KAI (Persero) meningkatkan kualitas pelayanan kepada para pengguna LRT Jabodebek. Salah satunya dengan memperpanjang jam operasional dengan mengoperasikan 8 perjalanan tambahan pada hari kerja. #LRT #PTKAI #MedcomId #MudaMemberiArti https://t.co/6pzAYif0al","1833098021241782748","","","in","Jakarta Capital Region, Indone","0","0","0","https://x.com/medcom_id/status/1833098021241782748","902837643024539651","medcom_id"
"1832710385671295088","Sun Sep 08 09:19:40 +0000 2024","0","PT KAI Punya 'Daftar Hitam' Orang Yang Dilarang Naik Kereta Jumlahnya Puluhan. #ptkai #kereta #daftarhitam https://t.co/0LpTBTsodp","1832710385671295088","https://pbs.twimg.com/ext_tw_video_thumb/1832710202447319040/pu/img/1N5ravY9NSkSVWQw.jpg","","in","jakarta, indonesia","0","0","0","https://x.com/abidintoto_news/status/1832710385671295088","1770721504122089472","abidintoto_news"
"1832048203967148144","Fri Sep 06 13:28:24 +0000 2024","0","Tiket dalam negeri mahal ya kan kakak mendingan LN. Pemerintah buat murah biar #askIU bisa sambangan anak2nya yg didalam juga. Eh tp ada kereta api cute cute sih yuk endorse ptkai ","1832048203967148144","","","in","ur hearts❤","0","0","0","https://x.com/curiousme88/status/1832048203967148144","1188073106","curiousme88"
"1830968127938515007","Tue Sep 03 13:56:34 +0000 2024","0","Perjalanan Surabaya Banyuwangi Bisa Pilih KA Mutiara Timur. Kereta api rute Banyuwangi-Surabaya kian bertambah. KA Mutiara Timur Kembali beroperasi setelah sempat vakum selama kurang https://t.co/WFg0usUXSn #Ekbis #Banyuwangi #KAMutiaraTimur #ptkai via @beritajatimcom","1830968127938515007","","","in","Surabaya","0","0","0","https://x.com/beritajatimcom/status/1830968127938515007","21287066","beritajatimcom"
